"","subject","activity","tBodyAcc-std-X","tBodyAcc-std-Y","tBodyAcc-std-Z","tGravityAcc-std-X","tGravityAcc-std-Y","tGravityAcc-std-Z","tBodyAccJerk-std-X","tBodyAccJerk-std-Y","tBodyAccJerk-std-Z","tBodyGyro-std-X","tBodyGyro-std-Y","tBodyGyro-std-Z","tBodyGyroJerk-std-X","tBodyGyroJerk-std-Y","tBodyGyroJerk-std-Z","tBodyAccMag-std","tGravityAccMag-std","tBodyAccJerkMag-std","tBodyGyroMag-std","tBodyGyroJerkMag-std","fBodyAcc-std-X","fBodyAcc-std-Y","fBodyAcc-std-Z","fBodyAccJerk-std-X","fBodyAccJerk-std-Y","fBodyAccJerk-std-Z","fBodyGyro-std-X","fBodyGyro-std-Y","fBodyGyro-std-Z","fBodyAccMag-std","fBodyBodyAccJerkMag-std","fBodyBodyGyroMag-std","fBodyBodyGyroJerkMag-std"
"1",1,"LAYING",-0.9280564692,-0.83682740562,-0.826061401628,-0.8968300184,-0.90772000676,-0.85236629022,-0.958482112,-0.9241492736,-0.9548551108,-0.87354386782,-0.9510904402,-0.9082846626,-0.9186085208,-0.9679072436,-0.9577901596,-0.79514486386,-0.79514486386,-0.9282456284,-0.81901016976,-0.9358409828,-0.9244374346,-0.8336255561,-0.81289155944,-0.9641607086,-0.9322178704,-0.9605869872,-0.8822964508,-0.9512320494,-0.9165825082,-0.7983009404,-0.9218039756,-0.82431943968,-0.9326606676
"2",1,"SITTING",-0.977229008297872,-0.922618641914894,-0.93958629106383,-0.968457145744681,-0.935517055957447,-0.949040933191489,-0.986430711276596,-0.981371965319149,-0.987910804468085,-0.977211283191489,-0.966473895319149,-0.941425920851064,-0.99173159212766,-0.989518068510638,-0.987935806382979,-0.927078418723404,-0.927078418723404,-0.984120024042553,-0.934531840425532,-0.988308728510638,-0.976412313191489,-0.917275006382979,-0.934469558085106,-0.987492994468085,-0.982513909574468,-0.988339184893617,-0.977904227021277,-0.962345042553192,-0.94391784106383,-0.928444801702128,-0.981606177446808,-0.932198374893617,-0.987049617234043
"3",1,"STANDING",-0.995759901509434,-0.973190056415094,-0.979775876981132,-0.99376298509434,-0.981225957924528,-0.976324063584906,-0.994604542264151,-0.98564873245283,-0.992251177358491,-0.987191946603774,-0.98773444,-0.980645626981132,-0.992945106981132,-0.995137917358491,-0.992108467169811,-0.981942928867925,-0.981942928867925,-0.993096209433962,-0.978690028679245,-0.994733238679245,-0.99602834509434,-0.972293102075472,-0.977937259622642,-0.995073759245283,-0.987018226792453,-0.992349818113208,-0.987497128679245,-0.987107727735849,-0.98234533,-0.982313804716981,-0.992536003396226,-0.978466072075472,-0.994671123207547
"4",1,"WALKING",-0.283740258842105,0.114461336747368,-0.260027902210526,-0.976609642526316,-0.971305961473684,-0.947717226105263,-0.113615602435789,0.0670025007684211,-0.502699788526316,-0.473535485894737,-0.0546077686594737,-0.344266629473684,-0.207421854757895,-0.304468510631579,-0.404255452631579,-0.219688645631579,-0.219688645631579,-0.0744717500625263,-0.186978364526316,-0.325324878894737,-0.319134719578947,0.056040006846,-0.279686751494737,-0.133586606326316,0.106739857136,-0.534713440421053,-0.516691938736842,-0.0335081597884211,-0.436562227473684,-0.398032586842105,-0.103492403002105,-0.321017953894737,-0.381601911789474
"5",1,"WALKING_DOWNSTAIRS",0.0300353383483878,-0.0319359434489796,-0.230434213204082,-0.950559811632653,-0.937018658979592,-0.895939695102041,-0.012283860544898,-0.101601390640816,-0.345735032326531,-0.458030542938775,-0.126349194938775,-0.124702454242857,-0.487027342244898,-0.238824827530612,-0.268761480242857,0.0198843506265306,0.0198843506265306,-0.0257877197081633,-0.225724368061224,-0.306510645530612,0.0243308391387755,-0.112963739953061,-0.297927894693878,-0.0863278966402041,-0.134580008877551,-0.401721464285714,-0.495422486102041,-0.181414728657143,-0.238443565306122,-0.186530301073469,-0.104052260726531,-0.398350390122449,-0.391919876612245
"6",1,"WALKING_UPSTAIRS",-0.35470802509434,-0.00232026501698113,-0.0194792388471698,-0.956367027924528,-0.952849233207547,-0.912379410377358,-0.446843887735849,-0.378274426037736,-0.706593530943396,-0.544871104528302,0.00410518379811321,-0.50716867490566,-0.614786508490566,-0.601696656226415,-0.606332002264151,-0.324970929245283,-0.324970929245283,-0.478991622075472,-0.14861931805283,-0.648553044339623,-0.337428188679245,0.0217695106566038,0.0859565543849057,-0.461907025849057,-0.381777065283019,-0.726040200754717,-0.565892490754717,0.151538905566038,-0.57170784,-0.416260101509434,-0.533059853773585,-0.182985518264151,-0.693930521509434
"7",3,"LAYING",-0.982776639193548,-0.962057544516129,-0.96369103483871,-0.982512193064516,-0.981202749677419,-0.964807543870968,-0.98087931483871,-0.968710724677419,-0.982093162903226,-0.974545752096774,-0.977272653709677,-0.963505609032258,-0.980328645,-0.986762741935484,-0.983338279516129,-0.964218176451613,-0.964218176451613,-0.976121297903226,-0.954275110967742,-0.983139255645161,-0.983691129032258,-0.964094604193548,-0.96327908016129,-0.983122615967742,-0.971044012741936,-0.983711904677419,-0.975986433709677,-0.977032495483871,-0.967256854193548,-0.968350217419355,-0.975305377903226,-0.955441855806452,-0.982568158064516
"8",3,"SITTING",-0.971010120961538,-0.856617812115385,-0.875110175384615,-0.957324457884615,-0.903923008269231,-0.897736318269231,-0.974467390384615,-0.953631390961538,-0.974661565961538,-0.965434768461538,-0.944854571346154,-0.926413710384615,-0.972546905961538,-0.978635908653846,-0.973751670576923,-0.8703017,-0.8703017,-0.966550084230769,-0.925518103807692,-0.976772675961538,-0.971605878461538,-0.8496556575,-0.864322464038462,-0.976283534807692,-0.956461756730769,-0.9771595725,-0.968013062884615,-0.939609988461538,-0.930633150769231,-0.874626592115385,-0.966568852884615,-0.925449629,-0.976689802692308
"9",3,"STANDING",-0.96674254295082,-0.893449307213115,-0.911419015081967,-0.982020428032787,-0.957425321803279,-0.928161577377049,-0.957086489344262,-0.941686785737705,-0.973059634918033,-0.900462227540984,-0.927788618196721,-0.91236408147541,-0.940937642459016,-0.968433747868853,-0.958293011803279,-0.915143303606557,-0.915143303606557,-0.948770043278689,-0.88212522147541,-0.957679766885246,-0.969931287377049,-0.89243434852459,-0.904801254590164,-0.960570921803279,-0.943948547213115,-0.975595949508197,-0.901985672459016,-0.923125941147541,-0.919743846065574,-0.921836076557377,-0.94820681442623,-0.883439718032787,-0.957121510491803
"10",3,"WALKING",-0.360356726034483,-0.0699140652103448,-0.387411994310345,-0.97777159137931,-0.962355639482759,-0.952091795,-0.26867964387931,-0.0449619594258621,-0.52948611637931,-0.571869560172414,-0.563793260172414,-0.476696411551724,-0.385922986034483,-0.639087984137931,-0.536664080344828,-0.328428936551724,-0.328428936551724,-0.139916355325862,-0.561510683275862,-0.567371560862069,-0.379276781206897,-0.124030832001724,-0.422998473965517,-0.296596633103448,-0.00561498755362069,-0.543529108103448,-0.615121369827586,-0.568888673448276,-0.545896388103448,-0.456373080862069,-0.0898519904044828,-0.632643292931034,-0.549087007931034
"11",3,"WALKING_DOWNSTAIRS",-0.0574100475102041,-0.0331503723387755,-0.362240245489796,-0.950061129591837,-0.946094637755102,-0.899943947755102,-0.0858010042244898,-0.111439194979592,-0.571735243061224,-0.261653414014286,-0.546740387959184,-0.44230776755102,-0.285683162346939,-0.680947338163265,-0.374605412306122,-0.0411340078469388,-0.0411340078469388,-0.0926324494530612,-0.245794699346939,-0.583919211020408,-0.0654417192653061,-0.109722354322449,-0.389723034061224,-0.165442898685714,-0.14772824006198,-0.613525074285714,-0.30863033105102,-0.553094540204082,-0.548164313265306,-0.233849422120408,-0.159102288018367,-0.322440827020408,-0.624910820612245
"12",3,"WALKING_UPSTAIRS",-0.313123437627119,0.0116280813372881,-0.369754604067797,-0.944040819322034,-0.909825953898305,-0.909469675084746,-0.458364616949153,-0.251680364540678,-0.708551711864407,-0.456039262525424,-0.582742845932203,-0.492327305084746,-0.507270757966102,-0.775774143389831,-0.573433947627119,-0.333597432542373,-0.333597432542373,-0.439020591694915,-0.408886653186441,-0.718028040338983,-0.285333024050847,-0.00803987529661017,-0.350797226271186,-0.486446509661017,-0.268191523644068,-0.738705863898305,-0.484820991355932,-0.556045947118644,-0.561097649661017,-0.447994369152542,-0.48060920220339,-0.445181802430508,-0.740033436271186
"13",5,"LAYING",-0.965934509615385,-0.969295613269231,-0.968562516346154,-0.945695336153846,-0.985964053846154,-0.977076645,-0.983307862115385,-0.964560430961538,-0.985419368461538,-0.979498706538461,-0.977427370576923,-0.960583776923077,-0.983422257692308,-0.983759479230769,-0.989679592307692,-0.958612786346154,-0.958612786346154,-0.977477145384615,-0.958287921923077,-0.98377138,-0.964953893653846,-0.972909186730769,-0.965882191153846,-0.985625270384615,-0.96624258,-0.986135599038461,-0.980705769807692,-0.977257800961538,-0.963305738076923,-0.962525369423077,-0.976381934807692,-0.959263063269231,-0.983434493076923
"14",5,"SITTING",-0.980945022045455,-0.904335121022727,-0.926094740227273,-0.983137541590909,-0.939942979795454,-0.945008999545455,-0.975204850227273,-0.952786261136364,-0.973436529545455,-0.966225485,-0.950064068181818,-0.940637937045455,-0.966037012045455,-0.975433911363636,-0.964878512727273,-0.920939027727273,-0.920939027727273,-0.965757731590909,-0.931414810454545,-0.970392610454546,-0.9825908425,-0.9022915301,-0.92184351,-0.976530547272727,-0.954464442045455,-0.97602233,-0.969390369318182,-0.947571471590909,-0.947346476590909,-0.925669291136364,-0.966545323409091,-0.934746865454545,-0.970675403409091
"15",5,"STANDING",-0.968591815714286,-0.869439913392857,-0.869327321785714,-0.974088206071429,-0.931973943392857,-0.914608495714286,-0.962647080178571,-0.931217140714286,-0.963832118928571,-0.910395222321429,-0.933738104107143,-0.907471555714286,-0.941930044107143,-0.961177741607143,-0.944755343035714,-0.87977380125,-0.87977380125,-0.942962047678571,-0.867041711785714,-0.947970723571429,-0.97066840875,-0.867933178017857,-0.858231387857143,-0.965778920714286,-0.936202600714286,-0.96807230125,-0.912780915714286,-0.931857811428571,-0.91678935625,-0.886745170714286,-0.943601960178571,-0.868913993928571,-0.946196462857143
"16",5,"WALKING",-0.294098534232143,0.0767484028053571,-0.45702143625,-0.979348381428571,-0.961585474821429,-0.964580803928571,-0.302891024625,-0.0910397428607143,-0.612895318571429,-0.490877497857143,-0.504622029821429,-0.318700615178571,-0.357681403285714,-0.57143812375,-0.157682543983929,-0.377178733392857,-0.377178733392857,-0.282242276785714,-0.492176823571429,-0.48919974625,-0.297517355196429,0.0426026830839286,-0.483059957321429,-0.3213903195,-0.0545213604089286,-0.633429995714286,-0.529392790178571,-0.502683380535714,-0.420367075178571,-0.519636926071429,-0.305685376071429,-0.589741506785714,-0.455665300892857
"17",5,"WALKING_DOWNSTAIRS",0.275046110468085,0.0907630761042553,-0.325891435319149,-0.950490938510638,-0.912363420851064,-0.927192732978723,0.0322415501638298,0.0473612314702128,-0.52265163787234,-0.46064684487234,-0.409134149148936,-0.227869042382979,-0.411302217446809,-0.514591487234043,-0.0344217467042553,0.205422375957447,0.205422375957447,-0.0292570509829787,-0.360678305253192,-0.450303212340426,0.336554724893617,0.0268269875085106,-0.353397850212766,0.011055933212766,0.0901720096791489,-0.551178075319149,-0.51494094106383,-0.431552775319149,-0.374705187021277,0.0428533623276596,-0.089735699787234,-0.484141274255319,-0.487128422553191
"18",5,"WALKING_UPSTAIRS",-0.0457237779851064,0.185022459476596,-0.308938978787234,-0.95357996893617,-0.900511719787234,-0.92141958,-0.223896564340426,-0.125026612744681,-0.63836903212766,-0.443342262340426,-0.440345826382979,-0.26545133312766,-0.305245202489362,-0.631822048297872,-0.282154378489362,-0.136736383765957,-0.136736383765957,-0.310186545957447,-0.354687870212766,-0.557988065531915,-0.00473819670425532,0.165037631180851,-0.28925665906383,-0.22532784293617,-0.105311152804255,-0.668825711276596,-0.501685580212766,-0.403486393191489,-0.380378006808511,-0.254091927148936,-0.378616675957447,-0.440445051914894,-0.572485019787234
"19",6,"LAYING",-0.934049422052632,-0.924644826385965,-0.925216100350877,-0.887746310350877,-0.959161956491228,-0.928130738421053,-0.966341054736842,-0.933674494385965,-0.959646055263158,-0.955378225087719,-0.943634949473684,-0.939141878596491,-0.939611608245614,-0.958628819649123,-0.959579071578947,-0.897326245964912,-0.897326245964912,-0.950341934385965,-0.920914497017544,-0.953157001578947,-0.932462941461404,-0.929711219929825,-0.924004748421053,-0.968619159473684,-0.935717452807018,-0.963567540877193,-0.962164978596491,-0.945365097894737,-0.947136774385965,-0.905373979824561,-0.951552664035088,-0.928694890175439,-0.955504654561404
"20",6,"SITTING",-0.980164933636364,-0.923682131090909,-0.925797097090909,-0.988872369272727,-0.960875994727273,-0.955475832363636,-0.969929476363636,-0.945143686181818,-0.958572952545454,-0.957367681818182,-0.944130044727273,-0.939681350909091,-0.943714804727273,-0.961780726363636,-0.958787671272727,-0.931572655636364,-0.931572655636364,-0.948181827818182,-0.921259472727273,-0.950150571818182,-0.982451284727273,-0.925676956,-0.925768475636364,-0.971488767454545,-0.946880042,-0.961636555090909,-0.963407046545455,-0.944901470363636,-0.947326797818182,-0.939547202909091,-0.947304700363636,-0.929549141636364,-0.951196693454545
"21",6,"STANDING",-0.981758159649123,-0.921493191754386,-0.925692371929825,-0.985583066842105,-0.96844910122807,-0.942795062280702,-0.973132635789474,-0.949362277017544,-0.967547241754386,-0.947561298596491,-0.94248658631579,-0.947782155964912,-0.946423593157895,-0.962422163684211,-0.962758177192982,-0.939310249649123,-0.939310249649123,-0.956099145964912,-0.915891572982456,-0.952536233859649,-0.984067374035088,-0.921449111052632,-0.922067224210526,-0.975235677719298,-0.950681450350877,-0.969895845789474,-0.952817395263158,-0.942539174210526,-0.95445570245614,-0.94456410754386,-0.95538157877193,-0.923108761578947,-0.952088499473684
"22",6,"WALKING",-0.296538717368421,0.164213884996491,-0.504324207192982,-0.977779896491228,-0.964248568070175,-0.957205025789474,-0.132784766936842,0.00808897373684211,-0.575777466491228,-0.446020952631579,-0.331702267894737,-0.383139334736842,-0.18260093354386,-0.416390246140351,-0.166684422233333,-0.266734167368421,-0.266734167368421,-0.0706029648421053,-0.36560291677193,-0.364708342315789,-0.34522769,0.101699642168947,-0.550474621754386,-0.19269469414386,0.0314450678263158,-0.608624354210526,-0.515323854385965,-0.332008706842105,-0.512209233508772,-0.421683093508772,-0.0964999702982456,-0.510648322631579,-0.408078906482456
"23",6,"WALKING_DOWNSTAIRS",0.383681639791667,0.360164958768542,-0.320204232520417,-0.9544062675,-0.93357760125,-0.934378766458333,0.165271070858333,0.276544029529167,-0.336817322270833,-0.19830385328125,-0.18922957,-0.0940797929729167,0.0393387960854167,-0.193508405479167,0.193206498960417,0.373611914166667,0.373611914166667,0.209502174375,-0.0426276750979167,-0.111228416159583,0.403369766666667,0.283247837625,-0.4060143105,0.0886515099394167,0.341242392604167,-0.389057047125,-0.286724914610417,-0.235470976166667,-0.275667262770833,0.1446227570625,0.15480886140625,-0.242353857320833,-0.145733545496458
"24",6,"WALKING_UPSTAIRS",-0.0501350188513725,0.189276117327451,-0.353519514896078,-0.959399425098039,-0.912900683137255,-0.906196352156863,-0.180301156098039,-0.0413994646723529,-0.560830688235294,-0.321973723647059,-0.315799901607843,-0.18390018167451,-0.186763293747059,-0.486494120980392,-0.170814790834118,-0.0791508842176471,-0.0791508842176471,-0.169970363039216,-0.199893710196078,-0.440079851313725,-0.0211335627276471,0.159123777172549,-0.36587418445098,-0.186815074235294,-0.0169811409705882,-0.571673957058824,-0.390248128039216,-0.31361857145098,-0.309998085098039,-0.222161433666667,-0.177734840922353,-0.318173892545098,-0.455937719019608
"25",7,"LAYING",-0.93651361,-0.926262668653846,-0.952978365961539,-0.914221270096154,-0.955543549230769,-0.961908984423077,-0.980977756153846,-0.973093160192308,-0.972983064230769,-0.9601268225,-0.945071935384615,-0.955294890576923,-0.9738372325,-0.976483727307692,-0.988871878269231,-0.907039513153846,-0.907039513153846,-0.967310932307692,-0.918662459038462,-0.971205137884615,-0.931120580576923,-0.922917902307692,-0.953380646346154,-0.983560175384615,-0.975886145,-0.975072995192308,-0.962348254423077,-0.939727873653846,-0.9588764125,-0.910542462919231,-0.965359228076923,-0.918892518653846,-0.969403035384615
"26",7,"SITTING",-0.972668374583333,-0.909454698541667,-0.8565329414375,-0.957082433333333,-0.945436264583333,-0.868602535416667,-0.982158098125,-0.969458676458333,-0.972256472708333,-0.941870953333333,-0.944124336458333,-0.937021208541667,-0.974369045625,-0.981024680625,-0.980954665416667,-0.881957619770833,-0.881957619770833,-0.970243274166667,-0.898063314375,-0.976214430208333,-0.972879966041667,-0.904629195833333,-0.844083052916667,-0.984026344375,-0.971814980208333,-0.974699194375,-0.9427264225,-0.93824472,-0.939826018125,-0.88691563825,-0.9684948675,-0.895804978125,-0.97496593875
"27",7,"STANDING",-0.979307570377358,-0.923400921886792,-0.917064168490566,-0.987917503962264,-0.966162998679245,-0.939161014716981,-0.976403544716981,-0.965810609622642,-0.972060053207547,-0.945247687358491,-0.949646946792453,-0.951630777358491,-0.96598339754717,-0.976837757358491,-0.978166790943396,-0.933590156792453,-0.933590156792453,-0.968566356037736,-0.918438958867924,-0.97210793,-0.980541336037736,-0.919118753018868,-0.912358813773585,-0.978729082830189,-0.966850290188679,-0.974533710754717,-0.947891986226415,-0.945818157735849,-0.954339406415094,-0.93728796509434,-0.969092161886792,-0.919848139056604,-0.971899418301887
"28",7,"WALKING",-0.327243240701754,-0.0772618561052631,0.159631283261403,-0.979851271403509,-0.969404155087719,-0.952159770526316,-0.346026226140351,-0.0547448948245614,-0.149488514397895,-0.503313517017544,-0.23109830545614,-0.396013535263158,-0.21166729682807,-0.174136410738596,-0.458302971403509,-0.198554708385965,-0.198554708385965,-0.027557329277193,-0.19828316695614,-0.0953401161070176,-0.322034908070175,-0.143721823263158,0.133316828089298,-0.365314790947368,-0.0431917460807018,-0.190751539207018,-0.563615256666667,-0.290859379017544,-0.463270018245614,-0.351706780526316,-0.022138358,-0.343894914947368,-0.0841663774087719
"29",7,"WALKING_DOWNSTAIRS",0.0660815600978723,-0.138179072734043,-0.0636402447755319,-0.964875962978723,-0.952678693617021,-0.92875646893617,0.0285033927287234,-0.296279674759574,-0.347107758021277,-0.407744096,-0.29262613606383,-0.401051415531915,-0.510731018297872,-0.299520205208511,-0.425200371553192,0.214544028088723,0.214544028088723,0.0901836280510638,-0.259751603446809,-0.29477867693617,0.0730110797851064,-0.190187141297872,-0.100121492529787,-0.00426289144680851,-0.324378560319149,-0.397774503468085,-0.432730974446809,-0.351717743191489,-0.495120053191489,0.0214440976893617,0.107856840302128,-0.396909651702128,-0.353544695678723
"30",7,"WALKING_UPSTAIRS",-0.29487297445098,-0.32616002254902,-0.145665025639216,-0.932823053333333,-0.939774255490196,-0.881675909607843,-0.415153115882353,-0.519897595686274,-0.60780843627451,-0.363853236862745,-0.572996820784314,-0.348980051411765,-0.616812659215686,-0.671243739607843,-0.682184175686275,-0.33474460745098,-0.33474460745098,-0.471265710980392,-0.418144852156863,-0.67642807254902,-0.279870086215686,-0.341025552941176,-0.124912269443137,-0.426974025686275,-0.53419130254902,-0.631919608823529,-0.368636961470588,-0.579964614705882,-0.393062890647059,-0.415307106666667,-0.497441363137255,-0.444994481882353,-0.704090967843137
"31",8,"LAYING",-0.94304121537037,-0.93489116,-0.932491454407407,-0.918873192333333,-0.957990036481482,-0.94183626337037,-0.973253042222222,-0.976520952037037,-0.96608757462963,-0.965204017592593,-0.952039385740741,-0.96758975462963,-0.969924077407407,-0.974186451851852,-0.987601203703704,-0.91325033,-0.91325033,-0.962954517222222,-0.932470764444444,-0.969029111666667,-0.940125298333333,-0.931236756962963,-0.931146497518519,-0.975959911481481,-0.979170881666667,-0.968699222962963,-0.967846360740741,-0.950316470925926,-0.970671966481481,-0.917257979425926,-0.963791094259259,-0.93678697,-0.971793279814815
"32",8,"SITTING",-0.979026152391304,-0.927331997021739,-0.939553030217391,-0.966757967173913,-0.937462301369565,-0.935475331521739,-0.985188753695652,-0.980784606086957,-0.985285807173913,-0.984524052826087,-0.97150069673913,-0.959623548478261,-0.993264647391304,-0.98887627673913,-0.985241405434783,-0.929943615630435,-0.929943615630435,-0.980667377391304,-0.953001632173913,-0.986756670869565,-0.978256730652174,-0.923829969347826,-0.933889846521739,-0.986913610652174,-0.983038783478261,-0.986185349347826,-0.985339301521739,-0.96892443326087,-0.962632253913044,-0.93172124,-0.97932021173913,-0.953251156521739,-0.986147262608696
"33",8,"STANDING",-0.988815418148148,-0.938479429074074,-0.926065255185185,-0.987690217222222,-0.958904114074074,-0.918293913703704,-0.989198879814815,-0.976442140740741,-0.982610899259259,-0.972990379814815,-0.969421045555556,-0.974118322407407,-0.981573085740741,-0.985508765185185,-0.989270900740741,-0.937187185222222,-0.937187185222222,-0.979932239074074,-0.95322478962963,-0.982460332222222,-0.98918374962963,-0.936231722777778,-0.919744963888889,-0.990414086851852,-0.97858173,-0.984465744444444,-0.974200997592593,-0.968055495925926,-0.975976456111111,-0.938628186322222,-0.979135440925926,-0.954119826296296,-0.981832336296296
"34",8,"WALKING",-0.173605736002083,0.380782052708333,-0.1420885318125,-0.974752050208333,-0.956781505625,-0.956640104791667,-0.2586886278125,0.233987544458333,-0.383200596479167,-0.1992097184375,-0.2119972775,-0.0754447842395833,-0.2460827504375,-0.428055700208333,-0.388446971666667,-0.1804072826,-0.1804072826,-0.184571053979167,-0.238746703958333,-0.502957255416667,-0.148386858858333,0.32484493125,-0.158437341970833,-0.271448185291667,0.315883536479167,-0.4044825094375,-0.234252005895833,-0.1908057215,-0.1429742348125,-0.360818978541667,-0.276436130125,-0.327459577895833,-0.581240190833333
"35",8,"WALKING_DOWNSTAIRS",0.0241393473736842,0.343826273105263,0.1337170395,-0.945766561578947,-0.941580934473684,-0.897190012631579,0.250143724521053,0.288140718789474,-0.0135136269,-0.258430885531579,0.0243131207736842,-0.129565242710526,-0.267887897328947,-0.0704526510842105,-0.1896044435,0.131337867236842,0.131337867236842,0.2534082561,-0.0466291872078947,-0.157484866842105,-0.0260463260078947,0.232184078052632,0.0214914840105263,0.172658982065789,0.273943791773684,-0.0846674186842105,-0.302735102631579,-0.0461356322868421,-0.268253406210526,-0.156141093578947,0.134734731236842,-0.255590314210526,-0.26298447
"36",8,"WALKING_UPSTAIRS",-0.171712174634146,0.348768733170732,0.121187278790244,-0.926673287804878,-0.931032068536585,-0.876168930487805,-0.186618895268293,-0.0123501104926829,-0.447518179097561,-0.367428367219512,-0.0666980861414634,0.337526477436585,-0.40507069195122,-0.424675673414634,-0.430366658780488,-0.227200254219512,-0.227200254219512,-0.228296364146341,-0.109327923829268,-0.493975031707317,-0.175284990170732,0.30540146,0.133766193578049,-0.24733661795122,-0.0700821464439024,-0.508248316829268,-0.409955580780488,-0.0478802512585366,0.263202878429268,-0.409282851707317,-0.379266499780488,-0.183325647134146,-0.575733290731707
"37",11,"LAYING",-0.98477733,-0.972196873859649,-0.971311176842105,-0.97956560245614,-0.990765579649123,-0.984192606315789,-0.985259108596491,-0.972777455263158,-0.982111784210526,-0.980836884561403,-0.982442644035088,-0.959897432807018,-0.981724838421053,-0.990845724736842,-0.986549063333333,-0.972891829473684,-0.972891829473684,-0.976504858596491,-0.954713182807018,-0.984476476666667,-0.985322211929825,-0.973589287368421,-0.971668077017544,-0.987122678245614,-0.973486716315789,-0.983302949122807,-0.982424585438596,-0.982660631754386,-0.963183902982456,-0.976037695614035,-0.975126531403509,-0.954849053508772,-0.983569468245614
"38",11,"SITTING",-0.982796562075472,-0.921402118113208,-0.968370181886792,-0.988069341132075,-0.949792572075472,-0.971661610754717,-0.980335163584906,-0.966766643396226,-0.983441609622641,-0.988164911509434,-0.982249040188679,-0.95284431245283,-0.990501518301887,-0.988554820188679,-0.981016044716981,-0.944581826415094,-0.944581826415094,-0.974511726792453,-0.959964488301887,-0.986256664716981,-0.983389810188679,-0.920047161698113,-0.967884390943396,-0.981607942075472,-0.968421475660377,-0.984349606792453,-0.989189512641509,-0.982137919056604,-0.956802766792453,-0.948521986037736,-0.972289134150943,-0.960711241886792,-0.985607229245283
"39",11,"STANDING",-0.994978878723404,-0.964173331702128,-0.986382712765957,-0.994529398085106,-0.981047828723404,-0.989433253617021,-0.992527404255319,-0.979428279574468,-0.990132989574468,-0.980242494680851,-0.994210471914894,-0.980636664893617,-0.986690403617021,-0.995571631276596,-0.990663218510638,-0.98030536893617,-0.98030536893617,-0.988853960638298,-0.977071437446808,-0.992579166595745,-0.995573762978723,-0.96350679,-0.985958517446809,-0.993414564042553,-0.981185823617021,-0.990378149574468,-0.981009115744681,-0.994353086595745,-0.98230878106383,-0.981503969574468,-0.98802123106383,-0.977437710851064,-0.992277468510638
"40",11,"WALKING",-0.422842071864407,-0.0522120750440678,-0.530626311355932,-0.98110101440678,-0.966240553559322,-0.960852684067797,-0.428516343559322,-0.181419230254237,-0.720654731186441,-0.596346930847458,-0.499625287288136,-0.434178202542373,-0.541616397118644,-0.737993755932203,-0.551079942542373,-0.487735915084746,-0.487735915084746,-0.403141284745763,-0.558362783220339,-0.753671416101695,-0.433703311525424,-0.0966068285372881,-0.523093394915254,-0.45394304,-0.170177403123729,-0.747564612033898,-0.623150268983051,-0.453663184067797,-0.498554639491525,-0.584455992033898,-0.41744681559322,-0.59974543779661,-0.773574064745763
"41",11,"WALKING_DOWNSTAIRS",0.142456557034783,0.0708122725543478,-0.324026938043478,-0.954497498695652,-0.926310469565217,-0.925814906086956,-0.0834212653347826,-0.126816662141304,-0.579710482173913,-0.374069023580435,-0.495911719565217,-0.318959594782609,-0.53437494826087,-0.684593318695652,-0.480559152608696,0.0507743652521739,0.0507743652521739,-0.127017223413043,-0.339349828493478,-0.677750588478261,0.179906764395652,0.0262777181065217,-0.348626581521739,-0.12834163051087,-0.130443829826087,-0.628902742826087,-0.397722757934783,-0.481127494565217,-0.397220471086957,-0.137123060369565,-0.173661753717391,-0.380559426947826,-0.714229669347826
"42",11,"WALKING_UPSTAIRS",-0.238802959018519,-0.103167501868519,-0.203369399185185,-0.953463105740741,-0.924360832962963,-0.906933171111111,-0.452961683518519,-0.428119229814815,-0.785359167222222,-0.501331630185185,-0.28204453962963,-0.694658851666667,-0.660431336111111,-0.809459436666667,-0.777173388518518,-0.289592148148148,-0.289592148148148,-0.490485807222222,-0.377909862407407,-0.80112703962963,-0.198733655611111,-0.0885048145574074,-0.113701770190741,-0.458255021296296,-0.437276328518518,-0.803845087037037,-0.517811645740741,-0.153787850538889,-0.729928728518519,-0.376027878888889,-0.513703461481481,-0.381223382777778,-0.822428718888889
"43",14,"LAYING",-0.917501887333333,-0.909697040980392,-0.900331921686275,-0.862136937254902,-0.94877486372549,-0.90130385627451,-0.971473557058824,-0.96812761745098,-0.972431855490196,-0.957221015098039,-0.932499780588235,-0.952296965294118,-0.970274962745098,-0.968042893529412,-0.979711372941176,-0.856593119215686,-0.856593119215686,-0.966450909019608,-0.913433185882353,-0.964009921960784,-0.911972655156863,-0.905221049156863,-0.894055710980392,-0.973491388039216,-0.969113291372549,-0.97491443,-0.959740488627451,-0.929955407058824,-0.957790479803922,-0.859606047058823,-0.963607433921569,-0.917760104901961,-0.963666018039216
"44",14,"SITTING",-0.976302248148148,-0.914935703907407,-0.922774835740741,-0.976280399444444,-0.95032266362963,-0.938415738148148,-0.980890655185185,-0.967828356296296,-0.976133383518519,-0.980829981481481,-0.962048191666667,-0.952904383518518,-0.990284240185185,-0.986911323888889,-0.982819138888889,-0.92549582962963,-0.92549582962963,-0.973343388888889,-0.947081158333333,-0.986963989814815,-0.976303056851852,-0.911591208203704,-0.917678155296296,-0.981920831111111,-0.968943674259259,-0.978180020925926,-0.981573087222222,-0.958227403148148,-0.956028807962963,-0.929193937222222,-0.972959409444444,-0.946517963703704,-0.987065177777778
"45",14,"STANDING",-0.973268905,-0.928525725333333,-0.9222763115,-0.972005366333333,-0.965781048333333,-0.940757718,-0.978248526,-0.966362425833333,-0.970766734,-0.9610917615,-0.9462806205,-0.946589134666667,-0.969948875166667,-0.9706929555,-0.974687865833333,-0.936735577166667,-0.936735577166667,-0.970437182833333,-0.931426203833333,-0.966834217,-0.973605553666667,-0.926055903,-0.917781858666667,-0.980396601666667,-0.967830182166667,-0.973594305166667,-0.962741032833333,-0.944306864,-0.950162705166667,-0.939799869833333,-0.969677515666667,-0.934815560833333,-0.966019259166667
"46",14,"WALKING",-0.402639098135593,-0.0536126686650847,0.0518841040022034,-0.974816884237288,-0.954455935762712,-0.947516969830508,-0.454497019661017,-0.344339569152542,-0.472791088644068,-0.60038822220339,-0.0148392604279661,-0.12609080020339,-0.571759911525424,-0.536737701694915,-0.497187687966102,-0.36380562779661,-0.36380562779661,-0.439746918474576,-0.201401930542373,-0.606103313898305,-0.395859985762712,-0.0542709972186441,0.0854892136933898,-0.484797709830508,-0.353526894237288,-0.528889535084746,-0.630082075932203,0.0832950551222034,-0.180232949016949,-0.457490009491525,-0.453426008983051,-0.265504551525424,-0.65567766220339
"47",14,"WALKING_DOWNSTAIRS",0.0178313402266667,0.378870491755556,0.451576075111111,-0.919098794,-0.920725940666667,-0.879565316666667,0.0129597549231111,0.192791766468889,-0.133634060621778,-0.354551638377778,0.0569902222622222,0.356198597177778,-0.537002097555556,-0.284318020488889,0.0913857550044444,0.428405922622222,0.428405922622222,0.194708838913556,-0.0665144570666667,-0.274744003577778,0.0140826092322222,0.29363389996,0.427563832371111,-0.0302396365755556,0.138737970022222,-0.244857128202222,-0.378882872733333,0.0741391154937778,0.182794696328889,0.178684580868889,0.194263424111111,-0.223927430580444,-0.356849425488889
"48",14,"WALKING_UPSTAIRS",-0.309396717592593,0.307195533,0.609017879074074,-0.928523640925926,-0.907231431296296,-0.875450819074074,-0.368780418888889,-0.336427181240741,-0.327868814314815,-0.454283337592593,0.476518714444444,0.564875818162963,-0.646611034444444,-0.371479721296296,-0.359816626703704,-0.0197686685018519,-0.0197686685018519,-0.337086266574074,0.299975979851852,-0.485819293703704,-0.304980247962963,0.356072772037037,0.687124163703704,-0.41096787037037,-0.371572473072222,-0.391077873148148,-0.464742933888889,0.646233637037037,0.522454216314815,-0.143253889222222,-0.409847649281481,0.236659662496296,-0.564964076388889
"49",15,"LAYING",-0.972255551527778,-0.962759422361111,-0.929586835277778,-0.961509742916667,-0.986036192361111,-0.950710357083333,-0.981739386805556,-0.970921587777778,-0.978402956527778,-0.957167680694444,-0.961142911805556,-0.956537051666667,-0.97392395125,-0.980482834444444,-0.980112732777778,-0.943314107916667,-0.943314107916667,-0.973644462777778,-0.924043007638889,-0.973650041666667,-0.971718824583333,-0.964590430138889,-0.923923991944444,-0.983949290694444,-0.973215319722222,-0.980745097361111,-0.958224495416667,-0.959991907083333,-0.960015831111111,-0.94550856,-0.972530077916667,-0.923682244861111,-0.972645710694444
"50",15,"SITTING",-0.987084356101695,-0.922407162881356,-0.949338025084746,-0.982620883728814,-0.943561411694915,-0.952973658983051,-0.988162333898305,-0.978126998813559,-0.987011024745763,-0.988204115254237,-0.975321519491525,-0.963765802881356,-0.992889042711864,-0.990313307966102,-0.987937202542373,-0.93797790559322,-0.93797790559322,-0.984639018474576,-0.963475074915254,-0.989720049491525,-0.987384778983051,-0.919162700338983,-0.945704713050847,-0.989314359661017,-0.979713045932203,-0.987694113559322,-0.988881930508475,-0.973456092372881,-0.966228648305085,-0.941195938135593,-0.983276251694915,-0.963378228474576,-0.989503941694915
"51",15,"STANDING",-0.988949247358491,-0.931900148301887,-0.951670257924528,-0.988432084716981,-0.965687978301887,-0.958810153207547,-0.985459068490566,-0.967720399622641,-0.985301940754717,-0.947790802075472,-0.971332584339623,-0.968167046415094,-0.971514312075472,-0.988107413962264,-0.981293117924528,-0.948600432641509,-0.948600432641509,-0.979994800566038,-0.931286778679245,-0.98143282754717,-0.990060962641509,-0.930286443396226,-0.947905911320755,-0.986934133584906,-0.969934103584906,-0.986654459433962,-0.948275234150943,-0.969442882075472,-0.971282183584906,-0.950204045849057,-0.980184086603774,-0.928838303773585,-0.980329709433962
"52",15,"WALKING",-0.327961801111111,0.138912923691296,-0.518932634814815,-0.978397287962963,-0.971056501481481,-0.95805876537037,-0.373217585,-0.0319265467387037,-0.686268420555556,-0.329624620185185,-0.420865007777778,-0.48653265537037,-0.283767987222222,-0.702402935925926,-0.591668608148148,-0.323878324074074,-0.323878324074074,-0.310071425166667,-0.425798469148148,-0.63778595537037,-0.332520626851852,0.0805646237194445,-0.537026414814815,-0.411500068148148,-0.0606839140548148,-0.723051140740741,-0.357633378703704,-0.365361208555556,-0.543997593703704,-0.458344792407407,-0.342411927851852,-0.481750218518519,-0.654010147222222
"53",15,"WALKING_DOWNSTAIRS",0.406471051190476,0.186532377428571,-0.281982181666667,-0.942806478333333,-0.925685893571429,-0.93400831,0.134593836190476,0.0158059210738095,-0.404005582309524,-0.318692525928571,-0.37320816,-0.250648085714286,-0.455980756428571,-0.574964116428571,-0.394542240714286,0.353204008095238,0.353204008095238,0.159631710516667,-0.284249712071429,-0.563640131190476,0.466325681428571,0.1199936036,-0.357407559285714,0.108062740547619,-0.00722860241119048,-0.461599141904762,-0.351630000285714,-0.360972848571429,-0.3436733,0.153124178119048,0.1505077506,-0.34938720602381,-0.593472444285714
"54",15,"WALKING_UPSTAIRS",-0.0260971840270833,-0.00406536043541667,-0.379717488104167,-0.952562395625,-0.927648821458333,-0.92161847875,-0.186944664541667,-0.311861356875,-0.748809454166667,-0.415251317916667,-0.3302332351,-0.477365945208333,-0.525533949791667,-0.763053512083333,-0.657907649166667,-0.136552217494583,-0.136552217494583,-0.313363553125,-0.288429008639583,-0.748954848541667,-0.00838243761666667,-0.0191328333041667,-0.349600353270833,-0.207231605488542,-0.330391429583333,-0.783004506458333,-0.4372253275,-0.243612269004167,-0.523744300833333,-0.255659340833333,-0.391313399375,-0.308585869854167,-0.793104483333333
"55",16,"LAYING",-0.973691429428571,-0.943061150285714,-0.965490276285714,-0.963761977857143,-0.966087103857143,-0.967886002,-0.988416723857143,-0.984867286857143,-0.987644127,-0.977010769857143,-0.970747514,-0.984781484857143,-0.985835459428571,-0.989046576,-0.994465157714286,-0.957895927714286,-0.957895927714286,-0.987891003571429,-0.959020036285714,-0.988212425428571,-0.971409075142857,-0.937083636714286,-0.962524372714286,-0.989287359142857,-0.986215013,-0.988348904571429,-0.977509583571429,-0.968135251857143,-0.985730995857143,-0.958111895857143,-0.98724716,-0.958975084,-0.988058401142857
"56",16,"SITTING",-0.986825605362319,-0.951607872463768,-0.939672247101449,-0.980158243333333,-0.968023206956522,-0.945813561478261,-0.990861134782609,-0.981800970724638,-0.983487212898551,-0.981037373333333,-0.958336595507246,-0.960287831304348,-0.98958327942029,-0.990621793333333,-0.988364321449275,-0.941051236086957,-0.941051236086957,-0.983615334057971,-0.937942404637681,-0.988261252608696,-0.986892418405797,-0.949829260434783,-0.934652146521739,-0.991567867681159,-0.983230774492754,-0.984362469130435,-0.982057861449275,-0.954343752463768,-0.964270052318841,-0.942588250115942,-0.982190554782609,-0.938863215072464,-0.987506348985507
"57",16,"STANDING",-0.989076811794872,-0.960298267692308,-0.953468961666667,-0.985359689871795,-0.980552435769231,-0.959562830769231,-0.991026497435897,-0.98262195474359,-0.988073825641026,-0.973400107564103,-0.980110277307692,-0.982357006410256,-0.987102322692308,-0.992589441153846,-0.992698522948718,-0.95729449448718,-0.95729449448718,-0.986761550641026,-0.964105768461539,-0.990809427435897,-0.989100620641026,-0.958174310128205,-0.948540267051282,-0.991847149615385,-0.984236462179487,-0.98865796025641,-0.973926885,-0.978402418717949,-0.983527402051282,-0.957173571923077,-0.985912716923077,-0.963574736025641,-0.990672800769231
"58",16,"WALKING",-0.404692523921569,-0.314569762352941,-0.159799790235294,-0.982469595490196,-0.973784841960784,-0.961387254313726,-0.396223738431373,-0.425563858627451,-0.44025821745098,-0.654171847058823,-0.612593634117647,-0.365489530588235,-0.675889722745098,-0.712237752941177,-0.571264779411765,-0.47180926745098,-0.47180926745098,-0.403386563921569,-0.665078404313725,-0.722808438431373,-0.409070488039216,-0.354370678627451,-0.180501317941176,-0.402884115098039,-0.433612657843137,-0.45663628254902,-0.673741136862745,-0.61194087745098,-0.403219791372549,-0.592150985098039,-0.441447754509804,-0.721137001568627,-0.745726853921569
"59",16,"WALKING_DOWNSTAIRS",0.207251997929787,-0.146993837655319,0.0114353944787234,-0.957785118085106,-0.955487793617021,-0.910588943191489,-0.101186926595745,-0.261684752425532,-0.303381582831915,-0.45418847106383,-0.528329304680851,-0.444636334893617,-0.623676024255319,-0.583421784680851,-0.540633469361702,0.119183740638298,0.119183740638298,-0.0783498875595745,-0.422315316808511,-0.595822214468085,0.266115492098298,-0.208680587882979,-0.0379716239787234,-0.125682818093191,-0.281507406948936,-0.36402669587234,-0.470373498510638,-0.565214032765957,-0.521100818723404,-0.0534137179170213,-0.0919623368021277,-0.479939845914894,-0.633479804680851
"60",16,"WALKING_UPSTAIRS",-0.397083831568627,-0.163732745078431,-0.129283825721569,-0.948413552745098,-0.933657461176471,-0.907649558823529,-0.521089140196078,-0.425625937254902,-0.593411129607843,-0.508087166666667,-0.58638289372549,-0.365025170078431,-0.707264168627451,-0.77471906627451,-0.717101021960784,-0.334795080196078,-0.334795080196078,-0.493067129607843,-0.518189646470588,-0.797293228431373,-0.369636140980392,-0.166324239117647,-0.094561233145098,-0.538073090196078,-0.417127012352941,-0.620123586470588,-0.509896031372549,-0.559600598431373,-0.387309489901961,-0.418924256078431,-0.51993124,-0.532486721568627,-0.825314327058824
"61",17,"LAYING",-0.972960567323944,-0.944792875211268,-0.953476700140845,-0.961063222394366,-0.961466681267606,-0.957164565211268,-0.981489017183099,-0.976960542816901,-0.98281300056338,-0.975893061830986,-0.971484336197183,-0.976200771267606,-0.980792372112676,-0.983135596619718,-0.988221713380282,-0.948257993521127,-0.948257993521127,-0.980126745352113,-0.959325498732394,-0.982038121126761,-0.972438525352113,-0.942791615915493,-0.950116956478873,-0.983213244366197,-0.978343915774648,-0.983854158873239,-0.977203498309859,-0.970627806901408,-0.978357126056338,-0.949042531690141,-0.979657231408451,-0.96002383915493,-0.981983437605634
"62",17,"SITTING",-0.9944439053125,-0.96185862984375,-0.96572919578125,-0.99019661703125,-0.9667201059375,-0.9566106440625,-0.99434060296875,-0.98863700234375,-0.990529261875,-0.98963832578125,-0.98612868078125,-0.9797052259375,-0.9952559371875,-0.9949818809375,-0.9938412575,-0.96506519109375,-0.96506519109375,-0.99144649921875,-0.97541025484375,-0.994446755625,-0.99465731359375,-0.959789141875,-0.96292107328125,-0.9946131621875,-0.98991581109375,-0.99081824828125,-0.99004126046875,-0.984813098125,-0.9809696453125,-0.9653996796875,-0.99031962640625,-0.97471085296875,-0.99362452375
"63",17,"STANDING",-0.991163919871795,-0.968176663717949,-0.970462679230769,-0.985751365769231,-0.975810476025641,-0.969171762179487,-0.992094005512821,-0.98666125974359,-0.991217027307692,-0.981373082948718,-0.985121164615385,-0.985538363333333,-0.989257196282051,-0.993699908589744,-0.992327099487179,-0.975377309871795,-0.975377309871795,-0.990363248205128,-0.977680837435897,-0.992372117307692,-0.991318528333333,-0.966427323846154,-0.966999000897436,-0.992775377692308,-0.988200349487179,-0.991450377692308,-0.981791318076923,-0.983946584871795,-0.986725274871795,-0.975504840641026,-0.989472086666667,-0.977263418717949,-0.992177303589744
"64",17,"WALKING",-0.31950017295082,-0.0175797885542623,-0.265824489180328,-0.980983351639344,-0.968613202622951,-0.956903248196721,-0.355492635409836,-0.0935385034,-0.534303311639344,-0.47981351295082,-0.454932903934426,-0.386044435409836,-0.431296148196721,-0.560203489016393,-0.524422887377049,-0.461837866885246,-0.461837866885246,-0.275672786229508,-0.522494763606557,-0.53970849147541,-0.304806274098361,-0.0556137930852459,-0.262391594918033,-0.343866129016393,-0.0470379377672131,-0.543872996229508,-0.504849290819672,-0.439238787704918,-0.438768699508197,-0.565162507704918,-0.211231860180328,-0.615320077704918,-0.520385479180328
"65",17,"WALKING_DOWNSTAIRS",0.187719760269565,-0.0607892037384783,-0.231064156615217,-0.950026242173913,-0.946576675652174,-0.901097766521739,-0.103436471413043,-0.304063534173913,-0.536331570652174,-0.370436868891304,-0.459281989565217,-0.468462984347826,-0.526801825217391,-0.572144734130435,-0.542770646521739,0.0914076757326087,0.0914076757326087,-0.206576683876087,-0.352687281086957,-0.592319490869565,0.258941676302174,-0.0860527358695652,-0.245413541641304,-0.0718767032673913,-0.298931144913043,-0.573043711086957,-0.393194731747826,-0.469390428043478,-0.540949520217391,-0.0618876767130435,-0.236538515947826,-0.428868687826087,-0.643399203913044
"66",17,"WALKING_UPSTAIRS",-0.062952754100625,-0.0131721014395833,-0.230220954239583,-0.949460372291667,-0.91597346625,-0.930159843541667,-0.292665827083333,-0.349791873229167,-0.657430836041667,-0.496562732729167,-0.493044125208333,-0.234402350714583,-0.606044344375,-0.676722847708333,-0.610586202291667,-0.1028777303875,-0.1028777303875,-0.390912450416667,-0.440837260125,-0.68231162875,-0.0355381172854167,-0.0252781736083333,-0.2048157105,-0.287219038291667,-0.365114263583333,-0.680325770833333,-0.5244683916875,-0.481154119791667,-0.2778914704375,-0.217393170604167,-0.437383107916667,-0.496444579791667,-0.7241557425
"67",19,"LAYING",-0.965019579518072,-0.973449968554217,-0.984672837228916,-0.958959611084337,-0.986993149638554,-0.988819031566265,-0.983605223493976,-0.974524522650602,-0.988260181084337,-0.981357611445783,-0.963617705662651,-0.973197523855422,-0.976105663493976,-0.984607728915663,-0.986958363975904,-0.963193489036145,-0.963193489036145,-0.980668287831325,-0.955906646506024,-0.980245510843374,-0.962085001204819,-0.974832075662651,-0.984740998192771,-0.985278006987952,-0.975964111566265,-0.988558703373494,-0.983944795060241,-0.959831365783133,-0.975417523855422,-0.964056773975904,-0.979452188433735,-0.957496024457831,-0.97932784746988
"68",19,"SITTING",-0.976357663013699,-0.950388943972603,-0.951929615068493,-0.969355010136986,-0.96996981369863,-0.960394960821918,-0.987043285479452,-0.979267729041096,-0.986704740273973,-0.984625306849315,-0.959758309589041,-0.96559497630137,-0.988464752739726,-0.987465915068493,-0.98531069,-0.951755657260274,-0.951755657260274,-0.984205184931507,-0.950491807945205,-0.985831284657534,-0.975204245342466,-0.948053070136986,-0.947514931780822,-0.988576991369863,-0.980999857671233,-0.988151915753425,-0.985576048219178,-0.955598610136986,-0.967869249178082,-0.952802277671233,-0.983687272739726,-0.950484417260274,-0.985416444657534
"69",19,"STANDING",-0.989910996849315,-0.944430270684931,-0.952599653972603,-0.992411542465753,-0.971426607808219,-0.958862043972603,-0.984792035205479,-0.970543276575342,-0.986142491917808,-0.946109711917808,-0.96957632369863,-0.960734258356164,-0.97512668739726,-0.988096672191781,-0.983453911232877,-0.962549342465753,-0.962549342465753,-0.979640838082192,-0.937951031506849,-0.983069427945205,-0.991161671369863,-0.943193755068493,-0.947753961643836,-0.985913722328767,-0.973588517808219,-0.987524587534247,-0.946607045616438,-0.966967238082192,-0.963212791780822,-0.964259110821918,-0.979179149452055,-0.936723548493151,-0.982228582191781
"70",19,"WALKING",-0.0489049407963462,0.181801561185577,-0.13947794235,-0.9698614625,-0.958651200384615,-0.929187930961539,0.110306729315577,0.0809271194038462,-0.179390497475,-0.0264357957923077,-0.114406108840577,-0.104202986482692,0.0801186523134615,-0.291594827626923,-0.213494065344231,-0.0993927171359615,-0.0993927171359615,0.0356558788076923,-0.0218463165461538,-0.271487480103846,-0.0578820787019231,0.112615077990385,-0.233872331063462,0.0908366492173077,0.0854010732076923,-0.227829841936346,-0.108388809533846,-0.133010285461538,-0.220271190807692,-0.324793406057692,-0.0222869586038462,-0.141598402309615,-0.336148733
"71",19,"WALKING_DOWNSTAIRS",0.626917070512821,0.514816445641026,0.049322451025641,-0.899726139487179,-0.917880864102564,-0.899363131794872,0.544273037307692,0.355306716915385,-0.0200111148717949,0.267657219333333,0.0483147743589744,-0.0314083457948718,0.179148649684615,-0.0146299196923077,0.116646170221282,0.413472376589744,0.413472376589744,0.450612065720513,0.237821231894872,-0.0438985022538462,0.658506543333333,0.427928785230769,-0.0783635041538461,0.476803887476923,0.349771285415897,-0.0983930104846154,0.196613286661538,-0.028489571974359,-0.215892226769231,0.0828630624102564,0.316346415348718,0.0320366671179487,-0.143254547512821
"72",19,"WALKING_UPSTAIRS",-0.1287420952375,0.176349922525,-0.1904685504575,-0.916495992,-0.9010448505,-0.83693567475,-0.1742790558,-0.0128865483575,-0.4442822275,-0.4068000325,-0.17263322355,-0.110117174875,-0.23937641116,-0.49212221875,-0.3754149830025,-0.177666828025,-0.177666828025,-0.284060693125,-0.26440144275,-0.50740029025,-0.11993477534,0.13255758081125,-0.2399806950525,-0.2172651781,-0.0131695876025,-0.50771620575,-0.4775147465,-0.149925160355,-0.207498123525,-0.368253499,-0.43467125,-0.3771327525,-0.58828966075
"73",21,"LAYING",-0.955019866222222,-0.956959422222222,-0.945653787777778,-0.945905270555556,-0.983732936111111,-0.952416332444444,-0.984826520888889,-0.971584753222222,-0.983977644222222,-0.975411857555556,-0.952147091444444,-0.981345430888889,-0.984643717333333,-0.981998497777778,-0.988749495666667,-0.942186431444444,-0.942186431444444,-0.978552618777778,-0.949289148,-0.982246471555556,-0.950929451222222,-0.957258971111111,-0.940919006555556,-0.987061376777778,-0.973164432777778,-0.984925270666667,-0.976226919888889,-0.946599855444444,-0.983270707333333,-0.944449070888889,-0.977604878888889,-0.949736575111111,-0.982305117444444
"74",21,"SITTING",-0.991777287176471,-0.966877560941176,-0.959567861764706,-0.992936404470588,-0.979355363176471,-0.965426493882353,-0.989439392235294,-0.979002804823529,-0.985823622941176,-0.988410501294118,-0.976380487294118,-0.976972658588235,-0.989472968470588,-0.989722663529412,-0.987954515294118,-0.971994251294118,-0.971994251294118,-0.986520865058824,-0.971225061647059,-0.990302232705882,-0.992375229411765,-0.96756129,-0.956412505058824,-0.990027822470588,-0.980347168823529,-0.986845672352941,-0.98955931,-0.974723217647059,-0.979130678470588,-0.974447593176471,-0.986991549529412,-0.972027251294118,-0.991062204823529
"75",21,"STANDING",-0.981419961123596,-0.943601625393258,-0.946123407078652,-0.982906668876405,-0.977681415955056,-0.958590002247191,-0.97706335011236,-0.963921458202247,-0.977915677191011,-0.962514526067416,-0.955979192696629,-0.959327022022472,-0.971866494606742,-0.976815894044944,-0.975427259325843,-0.956919898202247,-0.956919898202247,-0.97160651494382,-0.945614401797753,-0.976153687752809,-0.982892836629213,-0.94354515752809,-0.942458908314607,-0.979530485393258,-0.966024075955056,-0.979723339662921,-0.964530315842697,-0.954080913707865,-0.963124572134831,-0.960041844382022,-0.97192611741573,-0.947763172921348,-0.977706619550562
"76",21,"WALKING",-0.297814843538462,0.0540880509209615,-0.16868872575,-0.969576355384615,-0.964144520576923,-0.974939388076923,-0.114888873837692,-0.0347143855729423,-0.425142604807692,-0.432232883846154,-0.397892316730769,-0.311875599423077,-0.238908311384615,-0.482854309807692,-0.494927657115385,-0.299709752173077,-0.299709752173077,-0.0838487968942308,-0.408304434423077,-0.450369988846154,-0.308547185288462,-0.00256294245192308,-0.164961027194231,-0.107412802661538,-0.0148415165923077,-0.443563412692308,-0.491859244230769,-0.419400879423077,-0.385505359038462,-0.438149791153846,-0.0186734409634615,-0.512249343076923,-0.429323466346154
"77",21,"WALKING_DOWNSTAIRS",0.224343492244444,0.301336399711111,-0.0717893558666667,-0.940194827777778,-0.940111830666667,-0.916324556888889,0.00214655719111111,-0.0796009757622222,-0.246061882112444,-0.442148617666667,-0.353733478222222,-0.349759493777778,-0.549648320222222,-0.442426840888889,-0.428337693333333,0.264341903711111,0.264341903711111,0.0952339404955556,-0.388420328666667,-0.509130858444444,0.266987750733333,0.277894323022222,-0.145081705591111,-0.0463867896444444,-0.113161860322222,-0.293237567085333,-0.469790144111111,-0.388418746666667,-0.450772139111111,0.0791271386644444,0.06320531452,-0.484489974222222,-0.571666834444444
"78",21,"WALKING_UPSTAIRS",-0.240808282276596,0.109787469104255,-0.219707928574468,-0.940911635531915,-0.941523624255319,-0.932716253829787,-0.424052014680851,-0.203209665702128,-0.562052350212766,-0.53190941893617,-0.463136841489362,0.0517155421740426,-0.573541839148936,-0.604469603617021,-0.564149244893617,-0.278474283829787,-0.278474283829787,-0.404183875893617,-0.420236002514894,-0.647723419148936,-0.213184048,0.0823434279595745,-0.22716417293617,-0.462972848723404,-0.261261053404255,-0.603127367234043,-0.560968048723404,-0.478299637021277,0.0130916351042553,-0.403357611702128,-0.47772185,-0.483407096425532,-0.700980410425532
"79",22,"LAYING",-0.947735251944444,-0.913276301666667,-0.942945807916667,-0.928781249027778,-0.958826938556944,-0.952435389166667,-0.970355191527778,-0.955151526805556,-0.974527011944444,-0.956641905833333,-0.9618849625,-0.933251870694444,-0.972092602916667,-0.980484171388889,-0.978636301805555,-0.909407761152778,-0.909407761152778,-0.959849821805556,-0.923911565972222,-0.974201690972222,-0.945656808055556,-0.912562856666667,-0.941163951388889,-0.974126068055556,-0.9589609575,-0.976833164027778,-0.958030986944444,-0.960711254583333,-0.936965638611111,-0.913267251263889,-0.955635614444444,-0.923552358194444,-0.972789020833333
"80",22,"SITTING",-0.978466823709677,-0.928059133795645,-0.917564853870968,-0.972009988709677,-0.954225015274194,-0.927950649854839,-0.981664149193548,-0.964782832419355,-0.978928356290323,-0.981099172419355,-0.950173478548387,-0.946501417741936,-0.985671250322581,-0.980275619354839,-0.97954410516129,-0.924336184035484,-0.924336184035484,-0.968576776774194,-0.933268487096774,-0.976503766290323,-0.97862319016129,-0.926995253483871,-0.909344305645161,-0.984299609032258,-0.969776055483871,-0.981272224354839,-0.982373346290323,-0.946107943548387,-0.951045695483871,-0.926798029822581,-0.967026275967742,-0.93356300983871,-0.976318114516129
"81",22,"STANDING",-0.985000527142857,-0.922693288412698,-0.942201655238095,-0.992827298253968,-0.971080742857143,-0.958890201587302,-0.975639080634921,-0.952303493968254,-0.981478064920635,-0.917837043333333,-0.964714672857143,-0.96058251031746,-0.949716028730159,-0.984900134285714,-0.979753572380952,-0.939866315079365,-0.939866315079365,-0.958825095396825,-0.900776555555556,-0.966086148412698,-0.987400306031746,-0.923657558412698,-0.938409884920635,-0.978773000952381,-0.956169964285714,-0.984305238253968,-0.919851782380952,-0.962172736666667,-0.963652778888889,-0.943739135238095,-0.95665395968254,-0.900222411269841,-0.965344726666667
"82",22,"WALKING",-0.00865921919565217,0.100384246321739,-0.213351968804348,-0.969643448043478,-0.963639340217391,-0.955147847391304,0.0358787094391304,0.225542290191304,-0.313155902608696,-0.318537865869565,-0.486322106521739,-0.151439515130435,-0.226656401521739,-0.651875468913043,-0.234278150891304,-0.161591787478261,-0.161591787478261,0.111532924945652,-0.390775683913043,-0.503106312391304,0.0243958191369565,0.00386841059347826,-0.253643608304348,0.0180047785304348,0.213423556139739,-0.343195610652174,-0.374496318695652,-0.481624411086957,-0.253173876956522,-0.381399308043478,0.158286745226087,-0.464019127391304,-0.476405270434783
"83",22,"WALKING_DOWNSTAIRS",0.348618168333333,0.239812250944444,-0.325722718055556,-0.941242334722222,-0.945824352777778,-0.906594023333333,0.0869139849722222,0.0198613278611111,-0.477806646111111,-0.237349190997222,-0.550303216666667,-0.280417950555556,-0.264848047888889,-0.640280071388889,-0.358762129444444,0.133267478527222,0.133267478527222,-0.0337640982530556,-0.263921983758333,-0.617659355833333,0.402891960277778,0.167409716861111,-0.383242679444444,0.0404618458027778,-0.0270294444166667,-0.535893778333333,-0.284532358444444,-0.570339899444444,-0.377319033611111,-0.0575202606055556,-0.118530349166667,-0.341863671805556,-0.697451438611111
"84",22,"WALKING_UPSTAIRS",0.0835738640921429,0.250067523738095,-0.109613216345238,-0.94063384047619,-0.941620221904762,-0.913153632142857,-0.00853992680952381,-0.0575784544857143,-0.471703304761905,-0.301491709628571,-0.489417908809524,-0.157758060642857,-0.396699215238095,-0.704255415,-0.515697758571429,-0.158757474833333,-0.158757474833333,-0.0876501605595238,-0.2025581772,-0.675633024285714,0.132048813464286,0.230058772192857,-0.116753339559524,-0.0677978520178571,-0.106099613648095,-0.528567802619048,-0.338139776690476,-0.473882071666667,-0.222431794690476,-0.334126221428571,-0.151299835619048,-0.234023031571429,-0.70987053452381
"85",23,"LAYING",-0.956756363194444,-0.976309827361111,-0.973223495416667,-0.947948758194444,-0.982794562916667,-0.976780462083333,-0.986360446805556,-0.988611616666667,-0.984663476666667,-0.981849400972222,-0.959195236388889,-0.983920132638889,-0.985027850416667,-0.979427763472222,-0.994908984861111,-0.957871990555555,-0.957871990555555,-0.986685651527778,-0.957227585972222,-0.981314831666667,-0.952410957638889,-0.974304149166667,-0.972261283055556,-0.987840852638889,-0.989995616944444,-0.985502011944444,-0.982665212638889,-0.954997309583333,-0.98531784125,-0.958465695416667,-0.986540200694444,-0.959025538194444,-0.98158514125
"86",23,"SITTING",-0.987607636617647,-0.934933559264706,-0.905584390323529,-0.984536722205882,-0.960917426323529,-0.923953600294118,-0.984561803823529,-0.978045837794118,-0.975978995,-0.980363734264706,-0.948109526029412,-0.9597186325,-0.987084633970588,-0.980727445294118,-0.988130142058824,-0.924963263235294,-0.924963263235294,-0.973668776323529,-0.937006097352941,-0.979226997941177,-0.988345258235294,-0.930781487205882,-0.896125263911765,-0.986019630441176,-0.979564696911765,-0.977936447205882,-0.981523241176471,-0.943733421029412,-0.961914054264706,-0.927090118382353,-0.972117016617647,-0.938680776617647,-0.978499038088235
"87",23,"STANDING",-0.985421519558824,-0.9584444925,-0.929409745147059,-0.984610385,-0.984818648823529,-0.947199734411765,-0.983141958970588,-0.975219983676471,-0.973595215441176,-0.942011240294118,-0.948074760882353,-0.962389689411765,-0.972770702058824,-0.972509523235294,-0.984654516470588,-0.9516698575,-0.9516698575,-0.974811528235294,-0.923796565588235,-0.972387365294118,-0.986333385588235,-0.958042411176471,-0.926110099117647,-0.984531642205882,-0.977157997794118,-0.976241315882353,-0.941698515588235,-0.945871186029412,-0.9642499225,-0.955291356470588,-0.9750536875,-0.924805421470588,-0.973849691470588
"88",23,"WALKING",-0.313521773389831,-0.119020586510678,0.164220685383051,-0.977230903898305,-0.966550706949153,-0.932981341864407,-0.229328122305085,-0.0805017337711864,-0.0293115056033898,-0.494322648644068,0.25945722920339,-0.209634887972881,-0.363969434576271,0.295945926186441,-0.374456768135593,-0.209989354570847,-0.209989354570847,-0.0268194363050847,0.163346451623729,0.250173204117966,-0.329807279830508,-0.202524061966102,0.1161434407,-0.235172990305085,-0.0609753095355932,-0.00623647528983051,-0.545051691694915,0.286581518449153,-0.287820868152542,-0.407577515762712,-0.0457372334118644,-0.061476584759322,0.287834616098305
"89",23,"WALKING_DOWNSTAIRS",0.0441392843425926,0.10825903416963,0.229898742944444,-0.950790837407407,-0.93901254962963,-0.905888257592593,0.198947061775926,-0.0883301225796296,0.0310157077775926,-0.416133032777778,0.213825552277778,-0.208702488240741,-0.32301569962963,0.146650121972222,-0.36786963962963,0.230363964351852,0.230363964351852,0.292087200087037,0.0539972903222222,0.0594908483888889,-0.0282962478037037,0.0432283686975926,0.0947940973814815,0.0819587190574074,-0.177697841296296,-0.09851956305,-0.482598325037037,0.12605231802963,-0.305896699222222,-0.0453930349148148,0.2244805035,-0.218930425944444,-0.0398573780185185
"90",23,"WALKING_UPSTAIRS",-0.243887818513725,0.0448435785868627,0.10080118935098,-0.933344481568627,-0.910474557058824,-0.902065910392157,-0.365398622764706,-0.328225031,-0.408094020392157,-0.550664576666667,-0.293681861176471,-0.0317301153392157,-0.548318881568627,-0.493514122352941,-0.543765425882353,-0.271893714117647,-0.271893714117647,-0.362708849411765,-0.366732989313725,-0.551275188627451,-0.234309548019608,0.0380597405498039,0.104508755759412,-0.424877553333333,-0.380894442941176,-0.46895638372549,-0.590430783921569,-0.301619977058824,-0.0822521122215686,-0.410047643333333,-0.454324844901961,-0.470491576431373,-0.632659461568627
"91",25,"LAYING",-0.909116474109589,-0.691770680561644,-0.717262004013699,-0.829554947808219,-0.643578361424658,-0.610161166287671,-0.973323412328767,-0.945687169726027,-0.96783552630137,-0.889769639726027,-0.936630803287671,-0.91092799,-0.957381145068493,-0.971564323013699,-0.974242254520548,-0.649254767945205,-0.649254767945205,-0.961931605342466,-0.856017369726027,-0.96830952260274,-0.902547712465753,-0.67238425569863,-0.694100368012329,-0.976423984657534,-0.948414293561644,-0.971885370136986,-0.891308069041096,-0.932293334794521,-0.915467504246575,-0.651353241643836,-0.963601212876712,-0.850661340684931,-0.970457947534247
"92",25,"SITTING",-0.991892828615385,-0.947457617061538,-0.965139552153846,-0.988879980615385,-0.963415016923077,-0.969459982461538,-0.992278621692308,-0.982870991692308,-0.988433153384615,-0.989907584153846,-0.981193501846154,-0.972637558615385,-0.992304653846154,-0.991315767692308,-0.991491387846154,-0.960003414461538,-0.960003414461538,-0.988311804923077,-0.970639125692308,-0.991766403076923,-0.992124279384615,-0.944842993230769,-0.962090614615385,-0.992750109846154,-0.984068025384615,-0.989156105538462,-0.990550003076923,-0.979828883230769,-0.974172870615385,-0.961997268307692,-0.987618801076923,-0.970321897230769,-0.992019559538462
"93",25,"STANDING",-0.991970126756757,-0.954569225945946,-0.964642688108108,-0.993148267702703,-0.980642970675676,-0.967792578648649,-0.988312658378378,-0.972272410540541,-0.987062685135135,-0.971357421216216,-0.976757621081081,-0.971814139189189,-0.977909693918919,-0.98724214,-0.980722294459459,-0.968075629324324,-0.968075629324324,-0.982637080945946,-0.959884274324324,-0.983230809594595,-0.992851743243243,-0.95417933,-0.96212373972973,-0.989339890810811,-0.974029503513513,-0.987898048378378,-0.97266417,-0.975960666081081,-0.974982088108108,-0.970203660405405,-0.982083315,-0.961090396891892,-0.983098935945946
"94",25,"WALKING",-0.596007443513514,-0.161852411581081,-0.437133403243243,-0.979499263243243,-0.965093441081081,-0.944995731216216,-0.607620931621622,-0.382619718513514,-0.675601403648649,-0.401158753783784,-0.604032097432432,-0.562775245405405,-0.507957094054054,-0.799635384189189,-0.659576163108108,-0.565601466081081,-0.565601466081081,-0.542870062567568,-0.489809386081081,-0.757032544864865,-0.591449956486486,-0.170313804039189,-0.430624587162162,-0.624145724594595,-0.367760098378378,-0.690413386081081,-0.406678108108108,-0.567201282027027,-0.603544209459459,-0.632927475540541,-0.51900424972973,-0.529262243378378,-0.75738578027027
"95",25,"WALKING_DOWNSTAIRS",-0.253756934258621,-0.14054060387069,-0.457972381896552,-0.964470066724138,-0.937816011034483,-0.92619169637931,-0.501968387931034,-0.371661522413793,-0.711494695517241,-0.288824754586207,-0.523377914655172,-0.443780454482759,-0.430134387586207,-0.810444542413793,-0.599481997931035,-0.259465249913793,-0.259465249913793,-0.482976929827586,-0.38216092137931,-0.67960595137931,-0.213028874331034,-0.166842375587931,-0.449465441724138,-0.522153341034483,-0.365719830448276,-0.734990064137931,-0.316252107741379,-0.470641125,-0.506738306724138,-0.359437080103448,-0.502224768103448,-0.423707329706897,-0.693032409137931
"96",25,"WALKING_UPSTAIRS",-0.459775646153846,-0.223086808769231,-0.296523975076923,-0.950878450307692,-0.931758272769231,-0.882722399076923,-0.663642746307692,-0.627131235692308,-0.812458372307692,-0.489011794784615,-0.433673383846154,-0.564195608923077,-0.693854902307692,-0.839699143076923,-0.746268282923077,-0.480006649846154,-0.480006649846154,-0.674513059846154,-0.387754116158462,-0.824883302769231,-0.437975786923077,-0.199988428584615,-0.237296741292308,-0.690213625846154,-0.638086010153846,-0.830526636615385,-0.500119831476923,-0.349362687538462,-0.601112612153846,-0.536120293230769,-0.703433692615385,-0.386612992876923,-0.841061012153846
"97",26,"LAYING",-0.969445445263158,-0.983231351842105,-0.984500013157895,-0.944472488552632,-0.987887995263158,-0.984081708947368,-0.989315824868421,-0.987182887763158,-0.989064628947368,-0.990328197763158,-0.979325678815789,-0.969302237763158,-0.992665154868421,-0.989063341973684,-0.993759841842105,-0.964355190394737,-0.964355190394737,-0.989101949473684,-0.965676821973684,-0.989917354473684,-0.967971891447368,-0.983317083947368,-0.984854487894737,-0.990410106973684,-0.988238648552632,-0.989370490789474,-0.990970119605263,-0.977491843421053,-0.971789046710526,-0.966576631710526,-0.987901463289474,-0.96613921868421,-0.989628012236842
"98",26,"SITTING",-0.979768987948718,-0.94079896551282,-0.950004414102564,-0.965082925641026,-0.949286700807692,-0.944580863846154,-0.99225839525641,-0.986215215641026,-0.99000871051282,-0.991027700512821,-0.973444813846154,-0.966441338076923,-0.995882512051282,-0.993139833846154,-0.991929788974359,-0.933602783410256,-0.933602783410256,-0.989986111666667,-0.964742022307692,-0.994033207051282,-0.978755176794872,-0.937783538974359,-0.94478134025641,-0.99329986051282,-0.987754588717949,-0.990693114358974,-0.991318436410256,-0.969488188974359,-0.968266666923077,-0.934587699141026,-0.989521272820513,-0.963650652307692,-0.99420976974359
"99",26,"STANDING",-0.993069368783784,-0.949466155405405,-0.962988401351351,-0.992678782162162,-0.966986433783784,-0.964228470675676,-0.990498355,-0.975935485405405,-0.986693448648649,-0.973785111216216,-0.982408142702703,-0.974891360675676,-0.978472409324324,-0.989766989864865,-0.985992503243243,-0.962697299189189,-0.962697299189189,-0.982626252972973,-0.962653585540541,-0.984253792432432,-0.993702408378378,-0.947829677432432,-0.960027795540541,-0.991275662027027,-0.977354949459459,-0.987428086216216,-0.975321645675676,-0.981740873108108,-0.977351005,-0.963909299324324,-0.981129312702703,-0.962967605810811,-0.983313996081081
"100",26,"WALKING",-0.340185527559322,-0.136351391645763,-0.333486502542373,-0.980055651016949,-0.969040314237288,-0.966231561694915,-0.328452881355932,-0.261863589338983,-0.397483516101695,-0.492885711355932,-0.57573544779661,-0.354549059491525,-0.417438636101695,-0.587000110847458,-0.485543001525424,-0.421848313898305,-0.421848313898305,-0.279350754237288,-0.538329286101695,-0.603468672372881,-0.34799792561017,-0.185725832305085,-0.384445322372881,-0.351065957627119,-0.271952157220339,-0.396530418305085,-0.532999609491525,-0.587939604576271,-0.426232090508475,-0.537183967118644,-0.268948465423729,-0.60946621661017,-0.612930343220339
"101",26,"WALKING_DOWNSTAIRS",0.17395384962,-0.011629910112,-0.284807676,-0.9627219918,-0.9354258554,-0.9330817682,-0.128111641206,-0.08640490273602,-0.3793359516,-0.33131291446,-0.4734080504,-0.3320502392,-0.170842676616,-0.5471984382,-0.3589516378,0.14700167906,0.14700167906,-0.111303956316,-0.296158291686,-0.463140795,0.22678384386,-0.078283777824,-0.3466485178,-0.130825898392,-0.061537065488,-0.3967016908,-0.3981998635,-0.4975063388,-0.434482187,0.005749436614,-0.067941075972,-0.39299065312,-0.4894973794
"102",26,"WALKING_UPSTAIRS",-0.169006952418182,-0.0491726302763636,-0.404596936545455,-0.962011392181818,-0.937858157818182,-0.929636797636364,-0.290879965872727,-0.399771473818182,-0.677995585454545,-0.550274396,-0.603097110545455,-0.3090880546,-0.515829417272727,-0.725210290909091,-0.556390218,-0.1507071068,-0.1507071068,-0.334531344727273,-0.514032410181818,-0.661829656545455,-0.142843838381818,-0.0439473073581818,-0.400902256363636,-0.342075432,-0.420055781272727,-0.715726893818182,-0.590812298,-0.598236639818182,-0.362052183090909,-0.274226227272727,-0.393715352181818,-0.569632,-0.669846294545455
"103",27,"LAYING",-0.978455153108108,-0.983736043783784,-0.986636996081081,-0.971183862702703,-0.993701742972973,-0.989056311351351,-0.986471899324324,-0.985159461756757,-0.989685146621622,-0.988837212162162,-0.98428747527027,-0.97837499972973,-0.993503720810811,-0.993025877297297,-0.993296720540541,-0.978920176216216,-0.978920176216216,-0.988586771351351,-0.971915732837838,-0.993484313243243,-0.977615702567568,-0.984269087972973,-0.986582387972973,-0.987477465405405,-0.986116008783784,-0.989901169864865,-0.989382328918919,-0.983052318513513,-0.980096438108108,-0.980296339054054,-0.988174859594595,-0.971806236756757,-0.993552299324324
"104",27,"SITTING",-0.988580107714286,-0.971579125714286,-0.965858735142857,-0.982445738,-0.982553336571429,-0.967268066,-0.990658097857143,-0.985097470714286,-0.988904001571429,-0.988492425142857,-0.982067465142857,-0.975713310142857,-0.993640318285714,-0.992226442142857,-0.991766787571429,-0.969526674714286,-0.969526674714286,-0.989200539571429,-0.970782132714286,-0.992112829571429,-0.988659196428571,-0.971266062714286,-0.963220672571429,-0.991292270714286,-0.986083114,-0.989282516857143,-0.988984618428571,-0.981037690285714,-0.977595519142857,-0.970885296857143,-0.988531651142857,-0.970528266285714,-0.991967776285714
"105",27,"STANDING",-0.9919515835,-0.955171419,-0.962408444875,-0.994012162875,-0.97964105225,-0.968169953625,-0.987628362,-0.975829725,-0.987354788,-0.9699020075,-0.982498991125,-0.981281807,-0.9826424495,-0.990798007875,-0.9889703575,-0.9663601145,-0.9663601145,-0.98415908975,-0.965693334,-0.988819784,-0.99287582525,-0.954381606375,-0.958924794125,-0.98860681,-0.977605582,-0.98820826225,-0.970221836375,-0.98185775725,-0.983105048875,-0.967529105125,-0.983022277625,-0.96540017025,-0.988579092
"106",27,"WALKING",-0.348475560526316,-0.187301214964912,-0.297318273508772,-0.979866136842105,-0.973792999824561,-0.956593490526316,-0.316184021578947,-0.104090459225439,-0.401188539824561,-0.606860248596491,-0.529865057894737,-0.250120409298246,-0.523256879298246,-0.634105502807017,-0.426346962631579,-0.407355787017544,-0.407355787017544,-0.266138940350877,-0.482452355789474,-0.618718628596491,-0.365256349298246,-0.267741550175439,-0.345515217192982,-0.346610413333333,-0.0655179027631579,-0.417957993859649,-0.642349125614035,-0.530943838421053,-0.297847512280702,-0.550392604912281,-0.279732022017544,-0.546888146491228,-0.639242384210526
"107",27,"WALKING_DOWNSTAIRS",0.167407531090909,-0.0979710029522727,-0.240040783340909,-0.946975165,-0.934963993181818,-0.920921521590909,-0.00358338882727273,-0.138528104113636,-0.409310918409091,-0.363722908386364,-0.481813367954545,-0.257846157386364,-0.493837613409091,-0.459459295681818,-0.307268262272727,0.121176277863636,0.121176277863636,-0.0386367422818182,-0.307952089840909,-0.465807533547727,0.194912716568182,-0.17564706475,-0.303090701863636,-0.0522811342045455,-0.163243978431818,-0.474755492045455,-0.390968436431818,-0.543033246590909,-0.367816046590909,-0.071212004425,-0.113625944990909,-0.397984195568182,-0.502831373477273
"108",27,"WALKING_UPSTAIRS",-0.295439547254902,-0.0950104077,-0.23070787672549,-0.956433874705882,-0.947713378627451,-0.926675381176471,-0.468066189411765,-0.426833499411765,-0.633722935098039,-0.562461004705882,-0.587966800588235,-0.169960785215686,-0.695774947647059,-0.711148438235294,-0.676876469411765,-0.37994878627451,-0.37994878627451,-0.464610567058824,-0.501775426447059,-0.724671165490196,-0.253504065686275,-0.0794059822941176,-0.197338870980392,-0.47892337254902,-0.450116431176471,-0.657139420784314,-0.574254281745098,-0.587869474313725,-0.183508696647059,-0.468707734509804,-0.473011558823529,-0.523335975411765,-0.751714312941177
"109",28,"LAYING",-0.9688882955,-0.945386780375,-0.956450342875,-0.970599089375,-0.9697590285,-0.97912466575,-0.9801647165,-0.97867953975,-0.973071655875,-0.95516227975,-0.960057463625,-0.96237491175,-0.9608029485,-0.98039978225,-0.981418916,-0.9545740295,-0.9545740295,-0.973312647875,-0.928940913375,-0.96977327725,-0.967324863875,-0.94200397775,-0.956770904875,-0.98220590125,-0.981117467,-0.974530843125,-0.958092114,-0.957552988125,-0.966312024,-0.95756401875,-0.972336128625,-0.931675004125,-0.96931982125
"110",28,"SITTING",-0.983272806805556,-0.939905244861111,-0.936667245694444,-0.989132499583333,-0.971766352361111,-0.956087679583333,-0.976286679444444,-0.962219452777778,-0.976327426666667,-0.979671983472222,-0.956316505972222,-0.9566328025,-0.982155662638889,-0.980713868611111,-0.971001691388889,-0.947782703333333,-0.947782703333333,-0.970301646111111,-0.951065984027778,-0.978441918333333,-0.984956708611111,-0.939885478333333,-0.9330454775,-0.977786782222222,-0.96399042625,-0.978327769444444,-0.98161514125,-0.953207017222222,-0.961561036111111,-0.952281424444444,-0.970823336388889,-0.953534292638889,-0.97839537
"111",28,"STANDING",-0.977748638607595,-0.875689216835443,-0.905123824177215,-0.990059426582279,-0.962801441898734,-0.951782181518987,-0.968604559620253,-0.933768175063291,-0.969765362025316,-0.884032232405063,-0.940006320126582,-0.925491442911392,-0.928343397721519,-0.972977006708861,-0.956497163670886,-0.917658334177215,-0.917658334177215,-0.954068391518987,-0.876917545696203,-0.956266480126582,-0.98026749,-0.87446926556962,-0.897600800886076,-0.971672796708861,-0.936991280253165,-0.973572051898734,-0.886706768227848,-0.936101609113924,-0.932039083037975,-0.923857158227848,-0.954963155316456,-0.878459662025316,-0.955983424556962
"112",28,"WALKING",-0.293003522222222,-0.117886186425926,-0.300928395925926,-0.976693902592593,-0.968780859814815,-0.944225031851852,-0.335700184259259,-0.220123120851852,-0.537470471666667,-0.503798624074074,-0.497684006666667,-0.242601384618519,-0.399417082777778,-0.639018554444444,-0.440927899259259,-0.39269402,-0.39269402,-0.390449724259259,-0.460511661296296,-0.579861194259259,-0.298832423148148,-0.168789019540741,-0.326046195925926,-0.367116416481481,-0.191757503603704,-0.574579748518519,-0.545480217777778,-0.497470739444444,-0.308243390425926,-0.511573670555556,-0.436273009814815,-0.516811574074074,-0.589071730555556
"113",28,"WALKING_DOWNSTAIRS",0.125712887943478,0.156496646504348,-0.341031811521739,-0.956921542391304,-0.948404212173913,-0.91705975,-0.0167652227782609,0.0265530133695652,-0.427053261304348,-0.268106330991304,-0.259368686847826,-0.307025006304348,-0.16394489726087,-0.424567878478261,-0.336212734130435,0.135465563932609,0.135465563932609,-0.0418872609934783,-0.22448414468913,-0.407132335434783,0.137797082826087,0.065301199843913,-0.416940283043478,-0.0980112293695652,-0.00175391954565217,-0.48848835173913,-0.345453346086957,-0.293108364565217,-0.416505886304348,-0.074058597676087,-0.0883598523695652,-0.362903836717391,-0.464722244347826
"114",28,"WALKING_UPSTAIRS",-0.242062430294118,-0.146753877035294,-0.28598691372549,-0.944697800196078,-0.927641087843137,-0.900514013333333,-0.312671655921569,-0.331602407372549,-0.637488941176471,-0.518818227843137,-0.479319521372549,-0.189306812833333,-0.494282913529412,-0.690571101960784,-0.603568264117647,-0.211928666470588,-0.211928666470588,-0.325362338235294,-0.476923344705882,-0.670132120784314,-0.233726643921569,-0.178554981115686,-0.281685159607843,-0.37027368,-0.349026567647059,-0.68790763372549,-0.556383410588235,-0.459989315686274,-0.22624337505098,-0.334626168823529,-0.374495907647059,-0.528187016862745,-0.70485275745098
"115",29,"LAYING",-0.984219555507246,-0.990240946666667,-0.987255149855072,-0.972939889855073,-0.99424764884058,-0.98577817826087,-0.99200598942029,-0.989513565652174,-0.993288313333333,-0.994276591304348,-0.992750957826087,-0.97499461942029,-0.99654254057971,-0.997081575652174,-0.995380794637681,-0.981572147681159,-0.981572147681159,-0.994646916811594,-0.977040093043478,-0.997666071594203,-0.983432309130435,-0.990680395362319,-0.986378776086957,-0.99254347826087,-0.990468082753623,-0.993107759855072,-0.994652185217391,-0.992240785652174,-0.976858964492754,-0.981599783623188,-0.994366667681159,-0.976679046231884,-0.99758523057971
"116",29,"SITTING",-0.9907450195,-0.963222497833333,-0.968063878166667,-0.984679151833333,-0.973604289833333,-0.966032045333333,-0.993525560333333,-0.9840551,-0.990168733,-0.990178704833333,-0.988334019666667,-0.971227991666667,-0.9933220295,-0.995319164666667,-0.9928337675,-0.9692903165,-0.9692903165,-0.990531729333333,-0.971578024666667,-0.994905344,-0.990617521,-0.961693949333333,-0.965800974333333,-0.9942201755,-0.985493318833333,-0.990445861666667,-0.990727755166667,-0.987259808666667,-0.972912517166667,-0.971218019833333,-0.989822909333333,-0.971011373,-0.994742028
"117",29,"STANDING",-0.996068635384615,-0.969295721076923,-0.980207488923077,-0.996764227384615,-0.985134032307692,-0.984464543538462,-0.993652820615385,-0.983338157846154,-0.990593859692308,-0.977994819846154,-0.990364876307692,-0.983368643230769,-0.983293061692308,-0.995533113076923,-0.990685705384615,-0.981745712923077,-0.981745712923077,-0.990495689538462,-0.975358665384615,-0.991453632153846,-0.996604570307692,-0.968278553076923,-0.978802973692308,-0.994123423538462,-0.984782782307692,-0.991316374615385,-0.979162564923077,-0.989643721230769,-0.984714226461538,-0.982247716,-0.990327934615385,-0.975938728769231,-0.991516778307692
"118",29,"WALKING",-0.174337940226415,-0.0917540612869811,-0.242828038264151,-0.978253538867925,-0.975272848113208,-0.945981437169811,-0.22143354279434,-0.087174644469434,-0.461758009811321,-0.598868670943396,-0.181802636566038,-0.430232441132075,-0.395909621509434,-0.587944298490566,-0.504130088679245,-0.262695063584906,-0.262695063584906,-0.133036273622642,-0.358814096603774,-0.612222937169811,-0.190355976849057,-0.182068539584906,-0.283348100981132,-0.307336669773585,-0.155020660771698,-0.529034897169811,-0.654313559056604,-0.0941359695075472,-0.494117483018868,-0.393257505471698,-0.169506499226415,-0.429156830566038,-0.618667722641509
"119",29,"WALKING_DOWNSTAIRS",0.167383602458333,-0.12246346700625,-0.223177999879167,-0.9417361925,-0.91390306375,-0.869300904791667,-0.023952574044375,-0.07734083835625,-0.478764185,-0.282077257508333,-0.390460137708333,-0.311122615416667,-0.347807556958333,-0.693469035833333,-0.379769406458333,0.1344811501875,0.1344811501875,-0.0307693372041667,-0.26740979843125,-0.59705704875,0.187438624270833,-0.239349053641667,-0.262073242045833,-0.0986379156229167,-0.120381521220833,-0.547320886875,-0.319123137947917,-0.354872689583333,-0.416165845833333,-0.0330868111229167,-0.0797714324854167,-0.323024575098542,-0.626675982083333
"120",29,"WALKING_UPSTAIRS",-0.0867715569693878,-0.122128287642857,0.0995443502346939,-0.954189013061225,-0.923007798367347,-0.858849467142857,-0.182365815065306,-0.388624195510204,-0.678763766530612,-0.323904731622449,0.0461103045102041,-0.37481514122449,-0.474932606326531,-0.73422519244898,-0.558417024081633,-0.0414696051693878,-0.0414696051693878,-0.254485176020408,-0.0800476153673469,-0.712846318367347,-0.0790625306306122,-0.141258066657755,0.203057836877551,-0.211385397877551,-0.408648946938776,-0.710116591836735,-0.350338205020408,0.234346783653061,-0.444153056530612,-0.155993755897959,-0.280583556530612,-0.074331469755102,-0.756464186122449
"121",30,"LAYING",-0.976362515428571,-0.954201823857143,-0.967044236428571,-0.979563942714286,-0.988930714857143,-0.983274524857143,-0.977463775571429,-0.971049778142857,-0.979517896142857,-0.973662822428571,-0.966041673,-0.968889156142857,-0.983775833714286,-0.980357062142857,-0.980768874571429,-0.960167907285714,-0.960167907285714,-0.969642290285714,-0.951264441,-0.976177142571429,-0.977045260571429,-0.9535584,-0.967188198571429,-0.980350748142857,-0.972434196714286,-0.982281553142857,-0.974488400714286,-0.965134152428571,-0.972199238,-0.964051810714286,-0.968087778,-0.952644449285714,-0.975481548714286
"122",30,"SITTING",-0.983622744193548,-0.937857000806452,-0.950654041290323,-0.978364712258065,-0.959361306774194,-0.956635663064516,-0.988864577419355,-0.980420928387097,-0.988164381290323,-0.988132669516129,-0.976477561935484,-0.955053200806452,-0.993868545483871,-0.992491322903226,-0.988124495645161,-0.942901466612903,-0.942901466612903,-0.98605764,-0.960641288225806,-0.991280225,-0.983231005483871,-0.933992577903226,-0.946203823387097,-0.990017564516129,-0.981902116451613,-0.988971211935484,-0.988484803225806,-0.973804950806452,-0.95730868516129,-0.943543732580645,-0.985294959032258,-0.959513937258065,-0.990946424516129
"123",30,"STANDING",-0.977559426949153,-0.891654527118644,-0.912850596949152,-0.996420919152542,-0.95814576338983,-0.949207368305085,-0.968430745254237,-0.957318881355932,-0.968897316101695,-0.911408517966102,-0.94070541220339,-0.93083468440678,-0.960119074237288,-0.968135006271186,-0.970845670677966,-0.916570441355932,-0.916570441355932,-0.950762271186441,-0.887247636779661,-0.955995671864407,-0.980426575762712,-0.885572781694915,-0.907286793050847,-0.972216728644068,-0.960442360508475,-0.973954338305085,-0.911718163220339,-0.939469774067797,-0.935176884915254,-0.921733233050847,-0.946639846949153,-0.888872227966102,-0.955008564237288
"124",30,"WALKING",-0.346394275230769,-0.173550021692308,-0.120476783907692,-0.979752466923077,-0.970176562153846,-0.943958420615385,-0.374400941384615,-0.270709274446154,-0.521351855076923,-0.387920593846154,0.00600277892,-0.182569652430769,-0.460345386153846,-0.497621802307692,-0.476208796153846,-0.359873411538462,-0.359873411538462,-0.353751020923077,-0.266845731292308,-0.546977272307692,-0.344928112461538,-0.215634315369231,-0.0931447617846154,-0.415135398,-0.289466095323077,-0.575410267076923,-0.399032346,0.0955456046230769,-0.237941473615385,-0.469852794923077,-0.366537416615385,-0.331541740923077,-0.578580044615385
"125",30,"WALKING_DOWNSTAIRS",-0.0577703163548387,-0.0272628077709677,-0.217275690290323,-0.958890388709677,-0.918678752419355,-0.87766706,-0.226643901120968,-0.194656096556452,-0.467070153387097,-0.265923160895161,-0.285392416354839,-0.29537036283871,-0.542764507096774,-0.613796303064516,-0.498882854032258,-0.0135771208822581,-0.0135771208822581,-0.125283184512903,-0.208267542032258,-0.617662073548387,-0.0405257091567742,-0.0934682613774194,-0.257393372287097,-0.289802729403226,-0.217432019258065,-0.535515048387097,-0.278386596338226,-0.255732054951613,-0.371541476129032,-0.178535173268548,-0.133124304612577,-0.252361882572581,-0.645503942419355
"126",30,"WALKING_UPSTAIRS",-0.350504475230769,-0.127311157607692,0.0249468034966154,-0.954033624307692,-0.914933936,-0.862402791230769,-0.535420203384615,-0.587214542923077,-0.761942025384615,-0.493837520761538,-0.0840481513184615,-0.211573579892308,-0.742749529538462,-0.743336958461538,-0.665150619230769,-0.327410815861538,-0.327410815861538,-0.561837706461538,-0.169293534323077,-0.774439096769231,-0.326260358153846,-0.104299180318462,0.121447414920923,-0.561565206615385,-0.610826602,-0.78475388,-0.503484236964615,0.0449545535584615,-0.253427074984615,-0.394508080769231,-0.580878133230769,-0.151472278383077,-0.791349425076923
